{"cameraMode":{"drawMode":0,"name":"Shaded","section":"Shading Mode"},"sceneLighting":false,"audioPlay":false,"sceneViewState":{"showFog":true,"showMaterialUpdate":false,"showSkybox":false,"showFlares":true,"showImageEffects":true,"showParticleSystems":true,"showVisualEffectGraphs":true,"m_FxEnabled":true},"in2DMode":false,"pivot":{"x":-22.316936492919923,"y":1.5807493925094605,"z":-15.698286056518555},"rotation":{"x":-0.17675329744815827,"y":0.6491876840591431,"z":-0.16030971705913545,"w":-0.7229799628257752},"size":0.16698741912841798,"orthographic":false}